{"sane": true, "normalizes": true, "range": true, "log_prob": -862.0294189453125, "avg_log_prob": -1.724058837890625, "perplexity": 5.607241222528895}